state,county,population
Alabama,Jefferson,659892
Alabama,Mobile,414659
Alabama,Madison,357560
Alabama,Montgomery,226941
Alabama,Shelby,211261
Alabama,Baldwin,208107
Alabama,Tuscaloosa,206213
Alabama,Lee,159287
Alabama,Morgan,119122
Alabama,Calhoun,115098
Alabama,Houston,104352
Alabama,Etowah,102939
Alabama,Marshall,95145
Alabama,Limestone,93052
Alabama,Lauderdale,92585
Alabama,St. Clair,87306
Alabama,Cullman,82313
Alabama,Elmore,81212
Alabama,Talladega,80565
Alabama,DeKalb,71200
Alabama,Walker,64493
Alabama,Russell,58213
Alabama,Blount,57645
Alabama,Autauga,55200
Alabama,Colbert,54495
Alabama,Jackson,52094
Alabama,Coffee,51288
Alabama,Dale,49255
Alabama,Chilton,43930
Alabama,Tallapoosa,40636
Alabama,Dallas,40029
Alabama,Covington,37351
Alabama,Escambia,37328
Alabama,Chambers,33826
Alabama,Pike,33403
Alabama,Lawrence,33171
Alabama,Franklin,31542
Alabama,Marion,29965
Alabama,Geneva,26491
Alabama,Cherokee,25853
Alabama,Barbour,25782
Alabama,Clarke,24387
Alabama,Winston,23875
Alabama,Randolph,22574
Alabama,Bibb,22527
Alabama,Monroe,21512
Alabama,Pickens,20298
Alabama,Butler,20025
Alabama,Marengo,19538
Alabama,Macon,19054
Alabama,Henry,17124
Alabama,Washington,16643
Alabama,Fayette,16585
Alabama,Cleburne,14938
Alabama,Hale,14887
Alabama,Lamar,13933
Alabama,Crenshaw,13865
Alabama,Clay,13378
Alabama,Choctaw,13075
Alabama,Sumter,12985
Alabama,Conecuh,12514
Alabama,Coosa,10855
Alabama,Wilcox,10809
Alabama,Bullock,10352
Alabama,Lowndes,10236
Alabama,Perry,9486
Alabama,Greene,8426
Alaska,Anchorage Municipality,296112
Alaska,Matanuska-Susitna Borough,103464
Alaska,Fairbanks North Star Borough,99653
Alaska,Kenai Peninsula Borough,58220
Alaska,Juneau City and Borough,32330
Alaska,Bethel Census Area,18040
Alaska,Ketchikan Gateway Borough,13804
Alaska,Kodiak Island Borough,13649
Alaska,Nome Census Area,9925
Alaska,North Slope Borough,9797
Alaska,Valdez-Cordova Census Area,9301
Alaska,Sitka City and Borough,8738
Alaska,Kusilvak Census Area,8198
Alaska,Northwest Arctic Borough,7734
Alaska,Southeast Fairbanks Census Area,6876
Alaska,Prince of Wales-Hyder Census Area,6474
Alaska,Aleutians West Census Area,5750
Alaska,Yukon-Koyukuk Census Area,5415
Alaska,Dillingham Census Area,4975
Alaska,Aleutians East Borough,3425
Alaska,Petersburg Borough,3255
Alaska,Haines Borough,2518
Alaska,Wrangell City and Borough,2484
Alaska,Denali Borough,2232
Alaska,Hoonah-Angoon Census Area,2132
Alaska,Lake and Peninsula Borough,1375
Alaska,Skagway Municipality,1061
Alaska,Bristol Bay Borough,890
Alaska,Yakutat City and Borough,689
Arizona,Maricopa,4253913
Arizona,Pima,1019722
Arizona,Pinal,419721
Arizona,Yavapai,224645
Arizona,Yuma,207829
Arizona,Mohave,206064
Arizona,Coconino,140217
Arizona,Cochise,126279
Arizona,Navajo,108705
Arizona,Apache,71522
Arizona,Gila,53400
Arizona,Santa Cruz,46584
Arizona,Graham,37879
Arizona,La Paz,20701
Arizona,Greenlee,9504
Arkansas,Pulaski,393463
Arkansas,Benton,258980
Arkansas,Washington,228529
Arkansas,Sebastian,127461
Arkansas,Faulkner,122416
Arkansas,Saline,118009
Arkansas,Craighead,105701
Arkansas,Garland,98296
Arkansas,White,78804
Arkansas,Lonoke,72206
Arkansas,Jefferson,70424
Arkansas,Pope,63644
Arkansas,Crawford,62472
Arkansas,Crittenden,49013
Arkansas,Greene,44623
Arkansas,Miller,43759
Arkansas,Mississippi,42831
Arkansas,Baxter,41219
Arkansas,Union,39732
Arkansas,Boone,37288
Arkansas,Independence,37264
Arkansas,Hot Spring,33520
Arkansas,Carroll,27887
Arkansas,St. Francis,26294
Arkansas,Johnson,26291
Arkansas,Cleburne,25230
Arkansas,Ouachita,24106
Arkansas,Poinsett,24054
Arkansas,Columbia,23892
Arkansas,Clark,22385
Arkansas,Hempstead,22018
Arkansas,Logan,21757
Arkansas,Yell,21573
Arkansas,Conway,20906
Arkansas,Ashley,20537
Arkansas,Polk,20163
Arkansas,Phillips,19034
Arkansas,Drew,18502
Arkansas,Arkansas,18124
Arkansas,Grant,18086
Arkansas,Franklin,17780
Arkansas,Randolph,17603
Arkansas,Jackson,17225
Arkansas,Sevier,17193
Arkansas,Sharp,17043
Arkansas,Cross,16998
Arkansas,Van Buren,16684
Arkansas,Lawrence,16669
Arkansas,Marion,16438
Arkansas,Madison,16076
Arkansas,Clay,15061
Arkansas,Lincoln,13695
Arkansas,Izard,13559
Arkansas,Howard,13389
Arkansas,Stone,12446
Arkansas,Little River,12417
Arkansas,Fulton,12139
Arkansas,Desha,11887
Arkansas,Bradley,10948
Arkansas,Chicot,10826
Arkansas,Pike,10808
Arkansas,Scott,10442
Arkansas,Perry,10322
Arkansas,Lee,9398
Arkansas,Montgomery,8993
Arkansas,Nevada,8440
Arkansas,Prairie,8244
Arkansas,Cleveland,8226
Arkansas,Searcy,7923
Arkansas,Newton,7848
Arkansas,Dallas,7432
Arkansas,Monroe,7249
Arkansas,Lafayette,6915
Arkansas,Woodruff,6660
Arkansas,Calhoun,5202
California,Los Angeles,10098052
California,San Diego,3302833
California,Orange,3164182
California,Riverside,2383286
California,San Bernardino,2135413
California,Santa Clara,1922200
California,Alameda,1643700
California,Sacramento,1510023
California,Contra Costa,1133247
California,Fresno,978130
California,Kern,883053
California,San Francisco,870044
California,Ventura,848112
California,San Mateo,765935
California,San Joaquin,732212
California,Stanislaus,539301
California,Sonoma,501317
California,Tulare,460477
California,Santa Barbara,443738
California,Solano,438530
California,Monterey,433212
California,Placer,380077
California,San Luis Obispo,281455
California,Santa Cruz,273765
California,Merced,269075
California,Marin,260295
California,Butte,227075
California,Yolo,214977
California,El Dorado,186661
California,Imperial,180216
California,Shasta,179085
California,Madera,155013
California,Kings,150075
California,Napa,140530
California,Humboldt,135768
California,Nevada,99092
California,Sutter,95872
California,Mendocino,87422
California,Yuba,75493
California,Lake,64148
California,Tehama,63373
California,San Benito,59416
California,Tuolumne,53932
California,Calaveras,45235
California,Siskiyou,43540
California,Amador,37829
California,Lassen,31185
California,Glenn,27897
California,Del Norte,27424
California,Colusa,21464
California,Plumas,18699
California,Inyo,18085
California,Mariposa,17540
California,Mono,14174
California,Trinity,12862
California,Modoc,8938
California,Sierra,2930
California,Alpine,1146
Colorado,Denver,693417
Colorado,El Paso,688153
Colorado,Arapahoe,636671
Colorado,Jefferson,570427
Colorado,Adams,497115
Colorado,Larimer,338161
Colorado,Douglas,328614
Colorado,Boulder,321030
Colorado,Weld,295123
Colorado,Pueblo,164685
Colorado,Mesa,149998
Colorado,Broomfield,66120
Colorado,Garfield,58538
Colorado,La Plata,55101
Colorado,Eagle,54357
Colorado,Fremont,47002
Colorado,Montrose,41268
Colorado,Summit,30429
Colorado,Delta,30346
Colorado,Morgan,28257
Colorado,Montezuma,25909
Colorado,Elbert,25162
Colorado,Routt,24874
Colorado,Teller,24113
Colorado,Logan,21689
Colorado,Chaffee,19164
Colorado,Otero,18325
Colorado,Pitkin,17909
Colorado,Park,17392
Colorado,Gunnison,16537
Colorado,Alamosa,16444
Colorado,Grand,15066
Colorado,Las Animas,14179
Colorado,Moffat,13060
Colorado,Archuleta,12908
Colorado,Prowers,12052
Colorado,Rio Grande,11351
Colorado,Yuma,10069
Colorado,Clear Creek,9379
Colorado,Conejos,8142
Colorado,San Miguel,7968
Colorado,Kit Carson,7635
Colorado,Lake,7585
Colorado,Huerfano,6583
Colorado,Saguache,6468
Colorado,Rio Blanco,6465
Colorado,Gilpin,5924
Colorado,Bent,5809
Colorado,Crowley,5630
Colorado,Lincoln,5548
Colorado,Washington,4840
Colorado,Ouray,4722
Colorado,Custer,4640
Colorado,Phillips,4318
Colorado,Costilla,3687
Colorado,Baca,3563
Colorado,Sedgwick,2350
Colorado,Cheyenne,2039
Colorado,Dolores,1841
Colorado,Kiowa,1449
Colorado,Jackson,1296
Colorado,Hinsdale,878
Colorado,Mineral,823
Colorado,San Juan,544
Connecticut,Fairfield,944348
Connecticut,Hartford,894730
Connecticut,New Haven,859339
Connecticut,New London,268881
Connecticut,Litchfield,183031
Connecticut,Middlesex,163368
Connecticut,Tolland,151269
Connecticut,Windham,116538
Delaware,New Castle,555133
Delaware,Sussex,219540
Delaware,Kent,174822
Florida,Miami-Dade,2715516
Florida,Broward,1909151
Florida,Palm Beach,1446277
Florida,Hillsborough,1378883
Florida,Orange,1321194
Florida,Pinellas,957875
Florida,Duval,924229
Florida,Lee,718679
Florida,Polk,668671
Florida,Brevard,576808
Florida,Volusia,527634
Florida,Pasco,510593
Florida,Seminole,455086
Florida,Sarasota,412144
Florida,Manatee,373853
Florida,Collier,363922
Florida,Marion,348371
Florida,Osceola,338619
Florida,Lake,335362
Florida,Escambia,311522
Florida,St. Lucie,305591
Florida,Leon,288102
Florida,Alachua,263148
Florida,St. Johns,235503
Florida,Clay,207291
Florida,Okaloosa,200737
Florida,Hernando,182696
Florida,Bay,182482
Florida,Charlotte,176954
Florida,Santa Rosa,170442
Florida,Martin,157581
Florida,Indian River,150984
Florida,Citrus,143087
Florida,Sumter,120999
Florida,Flagler,107139
Florida,Highlands,102101
Florida,Nassau,80578
Florida,Monroe,76325
Florida,Putnam,72766
Florida,Columbia,69105
Florida,Walton,65858
Florida,Jackson,48472
Florida,Gadsden,46017
Florida,Suwannee,43924
Florida,Okeechobee,40572
Florida,Hendry,40127
Florida,Levy,39961
Florida,DeSoto,36399
Florida,Wakulla,31877
Florida,Baker,27785
Florida,Hardee,27228
Florida,Bradford,26979
Florida,Washington,24566
Florida,Taylor,22098
Florida,Holmes,19430
Florida,Madison,18474
Florida,Gilchrist,17615
Florida,Dixie,16437
Florida,Gulf,16055
Florida,Union,15239
Florida,Calhoun,14444
Florida,Hamilton,14269
Florida,Jefferson,14105
Florida,Glades,13363
Florida,Franklin,11736
Florida,Lafayette,8744
Florida,Liberty,8365
Georgia,Fulton,1021902
Georgia,Gwinnett,902298
Georgia,Cobb,745057
Georgia,DeKalb,743187
Georgia,Chatham,287049
Georgia,Clayton,278666
Georgia,Cherokee,241910
Georgia,Henry,221307
Georgia,Forsyth,219880
Georgia,Richmond,201463
Georgia,Muscogee,196670
Georgia,Hall,195961
Georgia,Paulding,155840
Georgia,Bibb,153490
Georgia,Houston,151682
Georgia,Columbia,147295
Georgia,Douglas,141840
Georgia,Coweta,140516
Georgia,Clarke,124602
Georgia,Carroll,116022
Georgia,Lowndes,114582
Georgia,Fayette,111369
Georgia,Newton,106497
Georgia,Whitfield,103849
Georgia,Bartow,103620
Georgia,Floyd,96824
Georgia,Dougherty,91049
Georgia,Walton,90132
Georgia,Rockdale,89011
Georgia,Glynn,83974
Georgia,Barrow,76887
Georgia,Bulloch,74782
Georgia,Troup,69774
Georgia,Walker,68824
Georgia,Catoosa,66299
Georgia,Jackson,65755
Georgia,Spalding,64719
Georgia,Liberty,62108
Georgia,Effingham,58689
Georgia,Gordon,56790
Georgia,Camden,52714
Georgia,Laurens,47418
Georgia,Colquitt,45606
Georgia,Baldwin,45286
Georgia,Thomas,44730
Georgia,Habersham,44289
Georgia,Coffee,42961
Georgia,Polk,41621
Georgia,Tift,40510
Georgia,Murray,39557
Georgia,Oconee,37017
Georgia,Bryan,35885
Georgia,Ware,35599
Georgia,Harris,33590
Georgia,Lumpkin,31951
Georgia,Pickens,30832
Georgia,Sumter,30352
Georgia,Gilmer,29922
Georgia,Wayne,29767
Georgia,Lee,29348
Georgia,Haralson,28956
Georgia,White,28928
Georgia,Madison,28900
Georgia,Jones,28548
Georgia,Toombs,27048
Georgia,Monroe,27010
Georgia,Peach,26966
Georgia,Decatur,26833
Georgia,Upson,26216
Georgia,Stephens,25676
Georgia,Hart,25631
Georgia,Tattnall,25353
Georgia,Grady,24926
Georgia,Fannin,24925
Georgia,Chattooga,24817
Georgia,Dawson,23861
Georgia,Butts,23750
Georgia,Crisp,22846
Georgia,Union,22775
Georgia,Burke,22550
Georgia,Franklin,22514
Georgia,Emanuel,22499
Georgia,Mitchell,22432
Georgia,Putnam,21503
Georgia,McDuffie,21498
Georgia,Meriwether,21113
Georgia,Dodge,20919
Georgia,Worth,20656
Georgia,Washington,20461
Georgia,Elbert,19212
Georgia,Pierce,19164
Georgia,Berrien,19025
Georgia,Brantley,18561
Georgia,Lamar,18513
Georgia,Banks,18510
Georgia,Appling,18454
Georgia,Morgan,18235
Georgia,Long,18156
Georgia,Pike,18082
Georgia,Cook,17184
Georgia,Ben Hill,17154
Georgia,Greene,16976
Georgia,Rabun,16457
Georgia,Dade,16227
Georgia,Telfair,16115
Georgia,Jefferson,15772
Georgia,Brooks,15622
Georgia,Jeff Davis,14991
Georgia,Oglethorpe,14784
Georgia,McIntosh,14120
Georgia,Screven,13990
Georgia,Dooly,13905
Georgia,Jasper,13784
Georgia,Macon,13480
Georgia,Charlton,12983
Georgia,Bleckley,12775
Georgia,Crawford,12344
Georgia,Heard,11677
Georgia,Towns,11417
Georgia,Pulaski,11295
Georgia,Bacon,11228
Georgia,Candler,10827
Georgia,Chattahoochee,10767
Georgia,Evans,10727
Georgia,Lanier,10366
Georgia,Early,10348
Georgia,Wilkes,9884
Georgia,Johnson,9730
Georgia,Irwin,9268
Georgia,Wilkinson,9078
Georgia,Montgomery,9036
Georgia,Terrell,8859
Georgia,Wilcox,8846
Georgia,Jenkins,8827
Georgia,Hancock,8535
Georgia,Marion,8484
Georgia,Seminole,8437
Georgia,Twiggs,8284
Georgia,Atkinson,8265
Georgia,Taylor,8193
Georgia,Turner,7962
Georgia,Wheeler,7939
Georgia,Lincoln,7799
Georgia,Randolph,7087
Georgia,Treutlen,6777
Georgia,Clinch,6743
Georgia,Calhoun,6428
Georgia,Talbot,6378
Georgia,Stewart,6042
Georgia,Miller,5836
Georgia,Warren,5346
Georgia,Schley,5211
Georgia,Echols,3994
Georgia,Baker,3189
Georgia,Glascock,3009
Georgia,Clay,3001
Georgia,Webster,2613
Georgia,Quitman,2276
Georgia,Taliaferro,1665
Hawaii,Honolulu,987638
Hawaii,Hawaii,197658
Hawaii,Maui,165281
Hawaii,Kauai,71377
Hawaii,Kalawao,75
Idaho,Ada,446052
Idaho,Canyon,212230
Idaho,Kootenai,153605
Idaho,Bonneville,112397
Idaho,Bannock,85065
Idaho,Twin Falls,83666
Idaho,Bingham,45551
Idaho,Bonner,42711
Idaho,Nez Perce,40155
Idaho,Latah,39239
Idaho,Madison,38705
Idaho,Jefferson,27969
Idaho,Elmore,26433
Idaho,Cassia,23615
Idaho,Jerome,23431
Idaho,Payette,23041
Idaho,Blaine,21994
Idaho,Minidoka,20615
Idaho,Gem,17052
Idaho,Idaho,16337
Idaho,Gooding,15169
Idaho,Franklin,13279
Idaho,Fremont,12965
Idaho,Shoshone,12526
Idaho,Boundary,11549
Idaho,Owyhee,11455
Idaho,Teton,11080
Idaho,Valley,10401
Idaho,Washington,10025
Idaho,Benewah,9086
Idaho,Clearwater,8640
Idaho,Lemhi,7798
Idaho,Power,7713
Idaho,Boise,7163
Idaho,Caribou,6918
Idaho,Bear Lake,5962
Idaho,Lincoln,5321
Idaho,Oneida,4326
Idaho,Custer,4141
Idaho,Adams,4019
Idaho,Lewis,3845
Idaho,Butte,2602
Idaho,Clark,1077
Idaho,Camas,886
Illinois,Cook,5223719
Illinois,DuPage,931743
Illinois,Lake,703619
Illinois,Will,688697
Illinois,Kane,530839
Illinois,McHenry,307789
Illinois,Winnebago,286174
Illinois,Madison,265670
Illinois,St. Clair,263463
Illinois,Champaign,209448
Illinois,Sangamon,197661
Illinois,Peoria,184463
Illinois,McLean,173219
Illinois,Rock Island,145275
Illinois,Tazewell,133852
Illinois,Kendall,124626
Illinois,Kankakee,111061
Illinois,LaSalle,110401
Illinois,Macon,106512
Illinois,DeKalb,104200
Illinois,Vermilion,78407
Illinois,Williamson,67299
Illinois,Adams,66427
Illinois,Jackson,58551
Illinois,Whiteside,56396
Illinois,Boone,53606
Illinois,Coles,51736
Illinois,Ogle,51328
Illinois,Knox,50999
Illinois,Grundy,50509
Illinois,Henry,49464
Illinois,Macoupin,45719
Illinois,Stephenson,45433
Illinois,Franklin,39127
Illinois,Woodford,38817
Illinois,Jefferson,38169
Illinois,Marion,38084
Illinois,Clinton,37628
Illinois,Livingston,36324
Illinois,Fulton,35418
Illinois,Lee,34527
Illinois,Morgan,34426
Illinois,Effingham,34174
Illinois,Monroe,33936
Illinois,Bureau,33381
Illinois,Christian,33231
Illinois,Randolph,32546
Illinois,McDonough,30875
Illinois,Logan,29207
Illinois,Montgomery,29009
Illinois,Iroquois,28169
Illinois,Saline,24231
Illinois,Jersey,22069
Illinois,Jo Daviess,21834
Illinois,Shelby,21832
Illinois,Fayette,21724
Illinois,Perry,21384
Illinois,Douglas,19714
Illinois,Crawford,19088
Illinois,Hancock,18112
Illinois,Edgar,17539
Illinois,Warren,17338
Illinois,Union,17127
Illinois,Bond,16712
Illinois,Wayne,16487
Illinois,Piatt,16427
Illinois,Lawrence,16189
Illinois,De Witt,16042
Illinois,Richland,15881
Illinois,Clark,15836
Illinois,Pike,15754
Illinois,Mercer,15693
Illinois,Moultrie,14703
Illinois,Carroll,14562
Illinois,Massac,14430
Illinois,Washington,14155
Illinois,White,14025
Illinois,Mason,13778
Illinois,Ford,13398
Illinois,Clay,13338
Illinois,Greene,13218
Illinois,Cass,12665
Illinois,Johnson,12602
Illinois,Menard,12367
Illinois,Marshall,11794
Illinois,Wabash,11573
Illinois,Cumberland,10865
Illinois,Jasper,9598
Illinois,Hamilton,8221
Illinois,Schuyler,7064
Illinois,Henderson,6884
Illinois,Brown,6675
Illinois,Alexander,6532
Illinois,Edwards,6507
Illinois,Putnam,5746
Illinois,Pulaski,5611
Illinois,Stark,5500
Illinois,Gallatin,5157
Illinois,Scott,5047
Illinois,Calhoun,4858
Illinois,Pope,4249
Illinois,Hardin,4009
Indiana,Marion,944523
Indiana,Lake,486849
Indiana,Allen,370016
Indiana,Hamilton,316095
Indiana,St. Joseph,269240
Indiana,Elkhart,203604
Indiana,Tippecanoe,189294
Indiana,Vanderburgh,181313
Indiana,Porter,168041
Indiana,Hendricks,160940
Indiana,Johnson,151564
Indiana,Monroe,145403
Indiana,Madison,129505
Indiana,Clark,115702
Indiana,Delaware,115616
Indiana,LaPorte,110552
Indiana,Vigo,107693
Indiana,Howard,82387
Indiana,Bartholomew,81893
Indiana,Kosciusko,78806
Indiana,Floyd,76809
Indiana,Hancock,73830
Indiana,Morgan,69727
Indiana,Grant,66944
Indiana,Wayne,66613
Indiana,Boone,64321
Indiana,Warrick,61928
Indiana,Dearborn,49501
Indiana,Henry,48483
Indiana,Noble,47451
Indiana,Marshall,46595
Indiana,Lawrence,45619
Indiana,Shelby,44399
Indiana,Jackson,43938
Indiana,DeKalb,42704
Indiana,Dubois,42418
Indiana,Harrison,39712
Indiana,LaGrange,38942
Indiana,Montgomery,38276
Indiana,Cass,38084
Indiana,Putnam,37559
Indiana,Knox,37409
Indiana,Huntington,36378
Indiana,Miami,35901
Indiana,Adams,35195
Indiana,Steuben,34474
Indiana,Whitley,33649
Indiana,Gibson,33596
Indiana,Jasper,33449
Indiana,Daviess,32937
Indiana,Clinton,32301
Indiana,Greene,32295
Indiana,Jefferson,32237
Indiana,Wabash,31631
Indiana,Ripley,28425
Indiana,Wells,27947
Indiana,Washington,27827
Indiana,Jennings,27727
Indiana,Decatur,26552
Indiana,Clay,26268
Indiana,Posey,25589
Indiana,Randolph,25076
Indiana,White,24217
Indiana,Scott,23743
Indiana,Fayette,23259
Indiana,Starke,22941
Indiana,Franklin,22842
Indiana,Jay,20993
Indiana,Owen,20878
Indiana,Sullivan,20792
Indiana,Spencer,20526
Indiana,Fulton,20212
Indiana,Carroll,19994
Indiana,Orange,19547
Indiana,Perry,19141
Indiana,Parke,16996
Indiana,Rush,16704
Indiana,Fountain,16486
Indiana,Vermillion,15560
Indiana,Tipton,15218
Indiana,Brown,15034
Indiana,Newton,14018
Indiana,Pulaski,12660
Indiana,Pike,12411
Indiana,Blackford,12129
Indiana,Switzerland,10628
Indiana,Crawford,10581
Indiana,Martin,10210
Indiana,Benton,8667
Indiana,Warren,8247
Indiana,Union,7153
Indiana,Ohio,5887
Iowa,Polk,474274
Iowa,Linn,222121
Iowa,Scott,172288
Iowa,Johnson,147001
Iowa,Black Hawk,133009
Iowa,Woodbury,102398
Iowa,Story,96922
Iowa,Dubuque,96802
Iowa,Pottawattamie,93503
Iowa,Dallas,84002
Iowa,Warren,49361
Iowa,Clinton,47218
Iowa,Cerro Gordo,42984
Iowa,Muscatine,42950
Iowa,Marshall,40271
Iowa,Des Moines,39600
Iowa,Jasper,36891
Iowa,Webster,36757
Iowa,Wapello,35315
Iowa,Sioux,34825
Iowa,Lee,34541
Iowa,Marion,33207
Iowa,Boone,26399
Iowa,Benton,25626
Iowa,Plymouth,25039
Iowa,Bremer,24782
Iowa,Mahaska,22208
Iowa,Washington,22143
Iowa,Buchanan,21125
Iowa,Jones,20568
Iowa,Winneshiek,20401
Iowa,Carroll,20344
Iowa,Buena Vista,20260
Iowa,Fayette,19929
Iowa,Henry,19926
Iowa,Jackson,19395
Iowa,Poweshiek,18605
Iowa,Cedar,18445
Iowa,Jefferson,18077
Iowa,Clayton,17672
Iowa,Delaware,17258
Iowa,Tama,17136
Iowa,Crawford,17132
Iowa,Hardin,17127
Iowa,Dickinson,17056
Iowa,Clay,16313
Iowa,Iowa,16207
Iowa,Madison,15890
Iowa,Floyd,15858
Iowa,Page,15363
Iowa,Hamilton,15110
Iowa,Kossuth,15075
Iowa,Mills,14957
Iowa,Butler,14735
Iowa,Harrison,14143
Iowa,O'Brien,13911
Iowa,Allamakee,13880
Iowa,Cass,13191
Iowa,Wright,12804
Iowa,Appanoose,12510
Iowa,Union,12453
Iowa,Grundy,12341
Iowa,Chickasaw,12099
Iowa,Lyon,11769
Iowa,Shelby,11694
Iowa,Cherokee,11468
Iowa,Louisa,11223
Iowa,Hancock,10888
Iowa,Guthrie,10674
Iowa,Mitchell,10631
Iowa,Winnebago,10571
Iowa,Franklin,10245
Iowa,Keokuk,10200
Iowa,Montgomery,10155
Iowa,Sac,9868
Iowa,Calhoun,9780
Iowa,Humboldt,9566
Iowa,Emmet,9551
Iowa,Clarke,9282
Iowa,Howard,9264
Iowa,Palo Alto,9055
Iowa,Greene,9003
Iowa,Davis,8885
Iowa,Monona,8796
Iowa,Lucas,8597
Iowa,Decatur,8044
Iowa,Monroe,7863
Iowa,Worth,7489
Iowa,Van Buren,7223
Iowa,Adair,7124
Iowa,Fremont,6968
Iowa,Ida,6916
Iowa,Pocahontas,6898
Iowa,Wayne,6413
Iowa,Taylor,6201
Iowa,Osceola,6115
Iowa,Audubon,5637
Iowa,Ringgold,4984
Iowa,Adams,3726
Kansas,Johnson,585502
Kansas,Sedgwick,512064
Kansas,Shawnee,178284
Kansas,Wyandotte,164345
Kansas,Douglas,119319
Kansas,Leavenworth,80042
Kansas,Riley,75296
Kansas,Butler,66468
Kansas,Reno,63101
Kansas,Saline,54977
Kansas,Crawford,39108
Kansas,Finney,36957
Kansas,Cowley,35591
Kansas,Geary,34895
Kansas,Harvey,34555
Kansas,Ford,34484
Kansas,Lyon,33299
Kansas,Miami,33127
Kansas,Montgomery,32970
Kansas,Ellis,28878
Kansas,McPherson,28630
Kansas,Barton,26791
Kansas,Franklin,25563
Kansas,Pottawatomie,23545
Kansas,Sumner,23208
Kansas,Seward,22692
Kansas,Labette,20367
Kansas,Cherokee,20331
Kansas,Dickinson,19004
Kansas,Jefferson,18888
Kansas,Atchison,16363
Kansas,Neosho,16125
Kansas,Osage,15882
Kansas,Bourbon,14702
Kansas,Jackson,13318
Kansas,Allen,12630
Kansas,Marion,12032
Kansas,Nemaha,10104
Kansas,Marshall,9798
Kansas,Rice,9762
Kansas,Brown,9664
Kansas,Linn,9635
Kansas,Pratt,9582
Kansas,Cloud,9060
Kansas,Wilson,8780
Kansas,Coffey,8296
Kansas,Clay,8142
Kansas,Anderson,7852
Kansas,Thomas,7824
Kansas,Doniphan,7736
Kansas,Grant,7616
Kansas,Kingman,7470
Kansas,Russell,6977
Kansas,Wabaunsee,6888
Kansas,Pawnee,6709
Kansas,Ellsworth,6293
Kansas,Mitchell,6222
Kansas,Greenwood,6156
Kansas,Gray,6037
Kansas,Sherman,5966
Kansas,Ottawa,5902
Kansas,Stevens,5686
Kansas,Harper,5673
Kansas,Morris,5566
Kansas,Washington,5525
Kansas,Norton,5486
Kansas,Phillips,5408
Kansas,Rooks,5118
Kansas,Scott,4949
Kansas,Barber,4733
Kansas,Republic,4686
Kansas,Meade,4261
Kansas,Stafford,4214
Kansas,Haskell,4047
Kansas,Kearny,3932
Kansas,Smith,3663
Kansas,Osborne,3603
Kansas,Chautauqua,3367
Kansas,Woodson,3170
Kansas,Rush,3102
Kansas,Lincoln,3097
Kansas,Ness,2955
Kansas,Edwards,2925
Kansas,Jewell,2916
Kansas,Decatur,2881
Kansas,Trego,2858
Kansas,Morton,2838
Kansas,Logan,2810
Kansas,Cheyenne,2677
Kansas,Chase,2645
Kansas,Gove,2619
Kansas,Hamilton,2616
Kansas,Elk,2562
Kansas,Graham,2545
Kansas,Kiowa,2526
Kansas,Rawlins,2509
Kansas,Sheridan,2506
Kansas,Wichita,2143
Kansas,Stanton,2063
Kansas,Clark,2053
Kansas,Hodgeman,1842
Kansas,Comanche,1780
Kansas,Lane,1642
Kansas,Wallace,1575
Kansas,Greeley,1200
Ohio,Franklin,1275333
Ohio,Cuyahoga,1253783
Ohio,Hamilton,812037
Ohio,Summit,541810
Ohio,Montgomery,532034
Ohio,Lucas,432379
Ohio,Butler,378294
Ohio,Stark,373475
Ohio,Lorain,306713
Ohio,Mahoning,231064
Ohio,Lake,230052
Ohio,Warren,226564
Ohio,Clermont,203216
Ohio,Trumbull,201794
Ohio,Delaware,197008
Ohio,Medina,177257
Ohio,Licking,172293
Ohio,Greene,165811
Ohio,Portage,162644
Ohio,Fairfield,152910
Ohio,Clark,135198
Ohio,Wood,129936
Ohio,Richland,121324
Ohio,Wayne,116208
Ohio,Miami,104800
Ohio,Columbiana,104003
Ohio,Allen,103642
Ohio,Ashtabula,98136
Ohio,Geauga,93961
Ohio,Tuscarawas,92526
Ohio,Muskingum,86076
Ohio,Ross,77051
Ohio,Scioto,76377
Ohio,Hancock,75690
Ohio,Erie,75136
Ohio,Belmont,68472
Ohio,Jefferson,66886
Ohio,Athens,65936
Ohio,Marion,65344
Ohio,Knox,61215
Ohio,Washington,60671
Ohio,Lawrence,60622
Ohio,Sandusky,59299
Ohio,Huron,58457
Ohio,Pickaway,57420
Ohio,Union,55654
Ohio,Seneca,55475
Ohio,Ashland,53477
Ohio,Darke,51734
Ohio,Shelby,48797
Ohio,Auglaize,45784
Ohio,Logan,45307
Ohio,Madison,43988
Ohio,Holmes,43859
Ohio,Brown,43679
Ohio,Highland,43007
Ohio,Fulton,42305
Ohio,Crawford,42021
Ohio,Clinton,41896
Ohio,Preble,41207
Ohio,Mercer,40806
Ohio,Ottawa,40709
Ohio,Guernsey,39274
Ohio,Champaign,38864
Ohio,Defiance,38279
Ohio,Williams,36936
Ohio,Coshocton,36574
Ohio,Perry,35985
Ohio,Morrow,34976
Ohio,Putnam,33969
Ohio,Jackson,32524
Ohio,Hardin,31542
Ohio,Gallia,30195
Ohio,Fayette,28645
Ohio,Hocking,28495
Ohio,Van Wert,28281
Ohio,Pike,28214
Ohio,Adams,27878
Ohio,Carroll,27578
Ohio,Henry,27316
Ohio,Meigs,23160
Ohio,Wyandot,22107
Ohio,Paulding,18872
Ohio,Harrison,15307
Ohio,Morgan,14702
Ohio,Noble,14443
Ohio,Monroe,14090
Ohio,Vinton,13111
Kentucky,Jefferson,767154
Kentucky,Fayette,318734
Kentucky,Kenton,164688
Kentucky,Boone,129095
Kentucky,Warren,126427
Kentucky,Hardin,108095
Kentucky,Daviess,99937
Kentucky,Campbell,92267
Kentucky,Madison,89700
Kentucky,Bullitt,79466
Kentucky,Christian,72263
Kentucky,Oldham,65374
Kentucky,McCracken,65284
Kentucky,Pulaski,64145
Kentucky,Pike,60483
Kentucky,Laurel,60180
Kentucky,Scott,53517
Kentucky,Jessamine,52422
Kentucky,Franklin,50296
Kentucky,Boyd,48091
Kentucky,Shelby,46786
Kentucky,Henderson,46137
Kentucky,Hopkins,45664
Kentucky,Nelson,45388
Kentucky,Barren,43680
Kentucky,Calloway,38776
Kentucky,Graves,37294
Kentucky,Floyd,36926
Kentucky,Whitley,36089
Kentucky,Clark,35872
Kentucky,Greenup,35765
Kentucky,Knox,31467
Kentucky,Marshall,31166
Kentucky,Muhlenberg,31081
Kentucky,Boyle,29913
Kentucky,Meade,28326
Kentucky,Montgomery,27759
Kentucky,Carter,27290
Kentucky,Bell,27188
Kentucky,Harlan,27134
Kentucky,Perry,26917
Kentucky,Logan,26849
Kentucky,Grayson,26178
Kentucky,Woodford,26097
Kentucky,Taylor,25500
Kentucky,Grant,24915
Kentucky,Rowan,24499
Kentucky,Lincoln,24458
Kentucky,Ohio,24071
Kentucky,Johnson,22843
Kentucky,Letcher,22676
Kentucky,Anderson,22214
Kentucky,Mercer,21516
Kentucky,Allen,20794
Kentucky,Clay,20621
Kentucky,Wayne,20609
Kentucky,Bourbon,20144
Kentucky,Breckinridge,20080
Kentucky,Adair,19241
Kentucky,Marion,19232
Kentucky,Harrison,18668
Kentucky,Hart,18627
Kentucky,Spencer,18246
Kentucky,Simpson,18063
Kentucky,Russell,17760
Kentucky,McCreary,17635
Kentucky,Garrard,17328
Kentucky,Mason,17153
Kentucky,Rockcastle,16827
Kentucky,Henry,15814
Kentucky,Casey,15796
Kentucky,Lawrence,15783
Kentucky,Knott,15513
Kentucky,Union,14802
Kentucky,Pendleton,14520
Kentucky,Fleming,14479
Kentucky,Trigg,14344
Kentucky,Estill,14313
Kentucky,Larue,14156
Kentucky,Lewis,13490
Kentucky,Jackson,13373
Kentucky,Morgan,13285
Kentucky,Webster,13155
Kentucky,Breathitt,13116
Kentucky,Butler,12745
Kentucky,Caldwell,12727
Kentucky,Magoffin,12666
Kentucky,Todd,12350
Kentucky,Powell,12321
Kentucky,Bath,12268
Kentucky,Edmonson,12122
Kentucky,Washington,12019
Kentucky,Martin,11919
Kentucky,Green,11023
Kentucky,Owen,10741
Kentucky,Carroll,10711
Kentucky,Monroe,10634
Kentucky,Leslie,10472
Kentucky,Clinton,10211
Kentucky,Metcalfe,10004
Kentucky,McLean,9331
Kentucky,Livingston,9263
Kentucky,Crittenden,9083
Kentucky,Hancock,8719
Kentucky,Gallatin,8703
Kentucky,Trimble,8637
Kentucky,Bracken,8306
Kentucky,Lyon,8186
Kentucky,Ballard,8090
Kentucky,Elliott,7517
Kentucky,Wolfe,7223
Kentucky,Nicholas,7100
Kentucky,Lee,6751
Kentucky,Cumberland,6713
Kentucky,Menifee,6405
Kentucky,Fulton,6210
Kentucky,Carlisle,4841
Kentucky,Hickman,4568
Kentucky,Owsley,4463
Kentucky,Robertson,2143
Louisiana,East Baton Rouge,444094
Louisiana,Jefferson,435300
Louisiana,Orleans,389648
Louisiana,St. Tammany,252093
Louisiana,Caddo,248361
Louisiana,Lafayette,240091
Louisiana,Calcasieu,200182
Louisiana,Ouachita,156075
Louisiana,Livingston,138111
Louisiana,Rapides,131546
Louisiana,Tangipahoa,130504
Louisiana,Bossier,126131
Louisiana,Ascension,121176
Louisiana,Terrebonne,112587
Louisiana,Lafourche,98214
Louisiana,St. Landry,83449
Louisiana,Iberia,72691
Louisiana,Acadia,62568
Louisiana,Vermilion,59867
Louisiana,St. Martin,53752
Louisiana,St. Charles,52724
Louisiana,St. Mary,51734
Louisiana,Vernon,51007
Louisiana,Lincoln,47356
Louisiana,Washington,46457
Louisiana,St. Bernard,45694
Louisiana,St. John the Baptist,43446
Louisiana,Avoyelles,40882
Louisiana,Webster,39631
Louisiana,Natchitoches,38963
Louisiana,Beauregard,36769
Louisiana,Evangeline,33636
Louisiana,Iberville,32956
Louisiana,Jefferson Davis,31467
Louisiana,De Soto,27216
Louisiana,Morehouse,25992
Louisiana,West Baton Rouge,25860
Louisiana,Allen,25661
Louisiana,Sabine,24088
Louisiana,Plaquemines,23373
Louisiana,Assumption,22714
Louisiana,Union,22475
Louisiana,Grant,22348
Louisiana,Pointe Coupee,22158
Louisiana,St. James,21357
Louisiana,Richland,20474
Louisiana,Franklin,20322
Louisiana,Concordia,20021
Louisiana,East Feliciana,19499
Louisiana,Claiborne,16153
Louisiana,Jackson,15926
Louisiana,West Feliciana,15377
Louisiana,LaSalle,14949
Louisiana,Winn,14494
Louisiana,Bienville,13668
Louisiana,Madison,11472
Louisiana,West Carroll,11180
Louisiana,St. Helena,10411
Louisiana,Caldwell,9996
Louisiana,Catahoula,9893
Louisiana,Red River,8618
Louisiana,East Carroll,7225
Louisiana,Cameron,6868
Louisiana,Tensas,4666
Maine,Cumberland,290944
Maine,York,203102
Maine,Penobscot,151748
Maine,Kennebec,121545
Maine,Androscoggin,107444
Maine,Aroostook,68269
Maine,Oxford,57325
Maine,Hancock,54541
Maine,Somerset,50710
Maine,Knox,39823
Maine,Waldo,39418
Maine,Sagadahoc,35277
Maine,Lincoln,34067
Maine,Washington,31694
Maine,Franklin,30019
Maine,Piscataquis,16887
Maryland,Montgomery,1040133
Maryland,Prince George's,906202
Maryland,Baltimore,827625
Maryland,Baltimore city/county,614700
Maryland,Anne Arundel,567696
Maryland,Howard,315327
Maryland,Harford,251025
Maryland,Frederick,248472
Maryland,Carroll,167522
Maryland,Charles,157671
Maryland,Washington,149811
Maryland,St. Mary's,111531
Maryland,Cecil,102517
Maryland,Wicomico,102172
Maryland,Calvert,91082
Maryland,Allegany,71977
Maryland,Worcester,51564
Maryland,Queen Anne's,49355
Maryland,Talbot,37211
Maryland,Caroline,32875
Maryland,Dorchester,32261
Maryland,Garrett,29376
Maryland,Somerset,25737
Maryland,Kent,19593
Massachusetts,Middlesex,1595192
Massachusetts,Worcester,822280
Massachusetts,Suffolk,791766
Massachusetts,Essex,781024
Massachusetts,Norfolk,698249
Massachusetts,Bristol,558905
Massachusetts,Plymouth,512135
Massachusetts,Hampden,469116
Massachusetts,Barnstable,213690
Massachusetts,Hampshire,161159
Massachusetts,Berkshire,127328
Massachusetts,Franklin,70935
Massachusetts,Dukes,17313
Massachusetts,Nantucket,11101
Michigan,Wayne,1761382
Michigan,Oakland,1250843
Michigan,Macomb,868704
Michigan,Kent,643140
Michigan,Genesee,409361
Michigan,Washtenaw,365961
Michigan,Ingham,289564
Michigan,Ottawa,284034
Michigan,Kalamazoo,261573
Michigan,Saginaw,192778
Michigan,Livingston,188482
Michigan,Muskegon,173043
Michigan,St. Clair,159566
Michigan,Jackson,158913
Michigan,Berrien,154807
Michigan,Monroe,149699
Michigan,Calhoun,134473
Michigan,Allegan,115250
Michigan,Eaton,109155
Michigan,Bay,104786
Michigan,Lenawee,98474
Michigan,Grand Traverse,91746
Michigan,Lapeer,88202
Michigan,Midland,83389
Michigan,Clinton,77896
Michigan,Van Buren,75272
Michigan,Isabella,70775
Michigan,Shiawassee,68493
Michigan,Marquette,66939
Michigan,Ionia,64176
Michigan,Montcalm,63209
Michigan,St. Joseph,60897
Michigan,Barry,60057
Michigan,Tuscola,53250
Michigan,Cass,51460
Michigan,Newaygo,48142
Michigan,Hillsdale,45830
Michigan,Branch,43584
Michigan,Mecosta,43264
Michigan,Sanilac,41376
Michigan,Gratiot,41067
Michigan,Chippewa,37834
Michigan,Houghton,36360
Michigan,Delta,36190
Michigan,Wexford,33111
Michigan,Emmet,33039
Michigan,Huron,31543
Michigan,Clare,30616
Michigan,Mason,28884
Michigan,Alpena,28612
Michigan,Oceana,26417
Michigan,Charlevoix,26219
Michigan,Dickinson,25570
Michigan,Cheboygan,25458
Michigan,Gladwin,25289
Michigan,Iosco,25247
Michigan,Manistee,24444
Michigan,Otsego,24397
Michigan,Roscommon,23877
Michigan,Menominee,23234
Michigan,Osceola,23232
Michigan,Antrim,23177
Michigan,Leelanau,21639
Michigan,Ogemaw,20928
Michigan,Benzie,17552
Michigan,Kalkaska,17463
Michigan,Gogebic,15414
Michigan,Arenac,15165
Michigan,Missaukee,15006
Michigan,Crawford,13836
Michigan,Presque Isle,12797
Michigan,Lake,11763
Michigan,Iron,11212
Michigan,Mackinac,10817
Michigan,Alcona,10364
Michigan,Montmorency,9261
Michigan,Alger,9194
Michigan,Baraga,8507
Michigan,Oscoda,8277
Michigan,Schoolcraft,8069
Michigan,Luce,6364
Michigan,Ontonagon,5968
Michigan,Keweenaw,2130
Minnesota,Hennepin,1235478
Minnesota,Ramsey,541493
Minnesota,Dakota,418201
Minnesota,Anoka,347431
Minnesota,Washington,253317
Minnesota,St. Louis,200080
Minnesota,Stearns,156819
Minnesota,Olmsted,153065
Minnesota,Scott,143372
Minnesota,Wright,132745
Minnesota,Carver,100416
Minnesota,Sherburne,93231
Minnesota,Blue Earth,66322
Minnesota,Rice,65765
Minnesota,Crow Wing,63855
Minnesota,Clay,62801
Minnesota,Otter Tail,57992
Minnesota,Chisago,54727
Minnesota,Winona,50847
Minnesota,Goodhue,46217
Minnesota,Beltrami,46117
Minnesota,Itasca,45203
Minnesota,Kandiyohi,42658
Minnesota,Benton,39779
Minnesota,Mower,39602
Minnesota,Isanti,38974
Minnesota,Douglas,37203
Minnesota,Steele,36676
Minnesota,McLeod,35825
Minnesota,Carlton,35540
Minnesota,Nicollet,33783
Minnesota,Becker,33773
Minnesota,Morrison,32949
Minnesota,Polk,31591
Minnesota,Freeborn,30526
Minnesota,Pine,29129
Minnesota,Cass,29022
Minnesota,Le Sueur,27983
Minnesota,Lyon,25839
Minnesota,Mille Lacs,25728
Minnesota,Brown,25211
Minnesota,Todd,24440
Minnesota,Meeker,23079
Minnesota,Nobles,21839
Minnesota,Wabasha,21500
Minnesota,Fillmore,20888
Minnesota,Hubbard,20862
Minnesota,Dodge,20582
Minnesota,Martin,19964
Minnesota,Waseca,18809
Minnesota,Houston,18663
Minnesota,Kanabec,16004
Minnesota,Aitkin,15834
Minnesota,Roseau,15462
Minnesota,Redwood,15331
Minnesota,Sibley,14912
Minnesota,Renville,14721
Minnesota,Pennington,14184
Minnesota,Faribault,13896
Minnesota,Wadena,13646
Minnesota,Koochiching,12644
Minnesota,Chippewa,12010
Minnesota,Cottonwood,11372
Minnesota,Pope,10980
Minnesota,Watonwan,10973
Minnesota,Lake,10569
Minnesota,Jackson,10047
Minnesota,Yellow Medicine,9868
Minnesota,Stevens,9784
Minnesota,Rock,9413
Minnesota,Swift,9411
Minnesota,Marshall,9392
Minnesota,Pipestone,9185
Minnesota,Clearwater,8812
Minnesota,Murray,8353
Minnesota,Lac qui Parle,6773
Minnesota,Norman,6559
Minnesota,Wilkin,6343
Minnesota,Grant,5938
Minnesota,Lincoln,5707
Minnesota,Mahnomen,5506
Minnesota,Cook,5311
Minnesota,Big Stone,5016
Minnesota,Kittson,4337
Minnesota,Red Lake,4008
Minnesota,Lake of the Woods,3809
Minnesota,Traverse,3337
Mississippi,Hinds,241774
Mississippi,Harrison,202626
Mississippi,DeSoto,176132
Mississippi,Rankin,151240
Mississippi,Jackson,142014
Mississippi,Madison,103498
Mississippi,Lee,84915
Mississippi,Lauderdale,77323
Mississippi,Forrest,75517
Mississippi,Jones,68454
Mississippi,Lamar,61223
Mississippi,Lowndes,59437
Mississippi,Pearl River,55149
Mississippi,Lafayette,53459
Mississippi,Oktibbeha,49481
Mississippi,Washington,47086
Mississippi,Warren,47075
Mississippi,Hancock,46653
Mississippi,Pike,39737
Mississippi,Alcorn,37180
Mississippi,Monroe,35840
Mississippi,Marshall,35787
Mississippi,Lincoln,34432
Mississippi,Panola,34243
Mississippi,Bolivar,32592
Mississippi,Adams,31547
Mississippi,Pontotoc,31315
Mississippi,Leflore,29804
Mississippi,Neshoba,29376
Mississippi,Copiah,28721
Mississippi,Tate,28493
Mississippi,Scott,28415
Mississippi,Union,28356
Mississippi,Yazoo,27974
Mississippi,Simpson,27073
Mississippi,Sunflower,26532
Mississippi,Prentiss,25360
Mississippi,Marion,25202
Mississippi,Coahoma,23802
Mississippi,George,23710
Mississippi,Itawamba,23480
Mississippi,Leake,22870
Mississippi,Tippah,21990
Mississippi,Newton,21524
Mississippi,Grenada,21278
Mississippi,Wayne,20422
Mississippi,Clay,19808
Mississippi,Tishomingo,19478
Mississippi,Covington,19091
Mississippi,Attala,18581
Mississippi,Stone,18375
Mississippi,Winston,18358
Mississippi,Holmes,18075
Mississippi,Chickasaw,17279
Mississippi,Jasper,16529
Mississippi,Smith,16063
Mississippi,Clarke,15928
Mississippi,Walthall,14601
Mississippi,Calhoun,14571
Mississippi,Tallahatchie,14361
Mississippi,Greene,13714
Mississippi,Lawrence,12630
Mississippi,Amite,12468
Mississippi,Yalobusha,12421
Mississippi,Perry,12028
Mississippi,Jefferson Davis,11495
Mississippi,Noxubee,10828
Mississippi,Montgomery,10198
Mississippi,Tunica,10170
Mississippi,Carroll,10129
Mississippi,Kemper,10107
Mississippi,Webster,9828
Mississippi,Claiborne,9120
Mississippi,Wilkinson,8990
Mississippi,Humphreys,8539
Mississippi,Choctaw,8321
Mississippi,Benton,8253
Mississippi,Franklin,7757
Mississippi,Quitman,7372
Mississippi,Jefferson,7346
Mississippi,Sharkey,4511
Mississippi,Issaquena,1328
Missouri,St. Louis,998684
Missouri,Jackson,692003
Missouri,St. Charles,389985
Missouri,St. Louis city/county,311273
Missouri,Greene,288429
Missouri,Clay,239164
Missouri,Jefferson,223302
Missouri,Boone,176515
Missouri,Jasper,119238
Missouri,Franklin,102781
Missouri,Cass,102678
Missouri,Platte,98824
Missouri,Buchanan,89076
Missouri,Christian,84275
Missouri,Cape Girardeau,78324
Missouri,Cole,76740
Missouri,St. Francois,66342
Missouri,Newton,58202
Missouri,Lincoln,55563
Missouri,Taney,54720
Missouri,Johnson,53689
Missouri,Pulaski,52591
Missouri,Camden,45096
Missouri,Callaway,44840
Missouri,Phelps,44789
Missouri,Butler,42733
Missouri,Pettis,42371
Missouri,Howell,40102
Missouri,Scott,38729
Missouri,Lawrence,38133
Missouri,Webster,38082
Missouri,Laclede,35507
Missouri,Barry,35493
Missouri,Warren,33908
Missouri,Lafayette,32589
Missouri,Polk,31549
Missouri,Stone,31527
Missouri,Dunklin,30428
Missouri,Stoddard,29512
Missouri,Marion,28672
Missouri,Audrain,25735
Missouri,Texas,25671
Missouri,Adair,25325
Missouri,Miller,25049
Missouri,Randolph,24945
Missouri,Washington,24931
Missouri,Crawford,24280
Missouri,Saline,23102
Missouri,McDonald,22827
Missouri,Ray,22825
Missouri,Nodaway,22547
Missouri,Henry,21765
Missouri,Vernon,20691
Missouri,Clinton,20475
Missouri,Morgan,20137
Missouri,Perry,19146
Missouri,Benton,18989
Missouri,Pike,18489
Missouri,Wright,18293
Missouri,Ste. Genevieve,17871
Missouri,New Madrid,17811
Missouri,Cooper,17622
Missouri,Andrew,17403
Missouri,Pemiscot,17031
Missouri,Dallas,16499
Missouri,Bates,16374
Missouri,Moniteau,15958
Missouri,Dent,15504
Missouri,Macon,15254
Missouri,Livingston,15076
Missouri,Gasconade,14746
Missouri,Cedar,13938
Missouri,Mississippi,13748
Missouri,Ripley,13693
Missouri,Osage,13619
Missouri,Douglas,13374
Missouri,Wayne,13308
Missouri,DeKalb,12564
Missouri,Bollinger,12281
Missouri,Madison,12205
Missouri,Linn,12186
Missouri,Barton,11850
Missouri,Montgomery,11545
Missouri,Oregon,10699
Missouri,Iron,10221
Missouri,Ralls,10217
Missouri,Howard,10113
Missouri,Grundy,10039
Missouri,Lewis,10027
Missouri,St. Clair,9383
Missouri,Hickory,9368
Missouri,Ozark,9236
Missouri,Caldwell,9049
Missouri,Maries,8884
Missouri,Carroll,8843
Missouri,Monroe,8654
Missouri,Harrison,8554
Missouri,Daviess,8302
Missouri,Shannon,8246
Missouri,Dade,7590
Missouri,Chariton,7546
Missouri,Clark,6800
Missouri,Gentry,6665
Missouri,Sullivan,6317
Missouri,Reynolds,6315
Missouri,Carter,6197
Missouri,Shelby,6061
Missouri,Atchison,5270
Missouri,Scotland,4898
Missouri,Putnam,4815
Missouri,Schuyler,4502
Missouri,Holt,4456
Missouri,Knox,3951
Missouri,Mercer,3664
Missouri,Worth,2040
Montana,Yellowstone,157816
Montana,Missoula,115983
Montana,Gallatin,104729
Montana,Flathead,98082
Montana,Cascade,81746
Montana,Lewis and Clark,67077
Montana,Ravalli,41902
Montana,Silver Bow,34814
Montana,Lake,29774
Montana,Lincoln,19358
Montana,Hill,16439
Montana,Park,16246
Montana,Glacier,13699
Montana,Big Horn,13376
Montana,Custer,11845
Montana,Jefferson,11778
Montana,Sanders,11521
Montana,Richland,11360
Montana,Fergus,11273
Montana,Roosevelt,11228
Montana,Carbon,10546
Montana,Stillwater,9410
Montana,Beaverhead,9393
Montana,Rosebud,9250
Montana,Dawson,9191
Montana,Deer Lodge,9100
Montana,Madison,8218
Montana,Valley,7532
Montana,Powell,6861
Montana,Blaine,6727
Montana,Teton,6080
Montana,Pondera,6044
Montana,Broadwater,5834
Montana,Chouteau,5789
Montana,Toole,4976
Montana,Musselshell,4807
Montana,Mineral,4211
Montana,Phillips,4124
Montana,Sweet Grass,3653
Montana,Sheridan,3574
Montana,Granite,3269
Montana,Fallon,2838
Montana,Liberty,2280
Montana,Wheatland,2149
Montana,Meagher,1968
Montana,Judith Basin,1951
Montana,Daniels,1753
Montana,McCone,1630
Montana,Powder River,1619
Montana,Prairie,1342
Montana,Carter,1318
Montana,Wibaux,1175
Montana,Garfield,1141
Montana,Treasure,777
Montana,Golden Valley,724
Montana,Petroleum,432
Nebraska,Douglas,554992
Nebraska,Lancaster,310094
Nebraska,Sarpy,178351
Nebraska,Hall,61343
Nebraska,Buffalo,49030
Nebraska,Dodge,36683
Nebraska,Scotts Bluff,36255
Nebraska,Lincoln,35433
Nebraska,Madison,35164
Nebraska,Platte,33063
Nebraska,Adams,31583
Nebraska,Cass,25702
Nebraska,Dawson,23804
Nebraska,Gage,21595
Nebraska,Saunders,21024
Nebraska,Dakota,20317
Nebraska,Washington,20219
Nebraska,Seward,17127
Nebraska,Otoe,15896
Nebraska,Saline,14288
Nebraska,York,13799
Nebraska,Box Butte,11089
Nebraska,Custer,10830
Nebraska,Red Willow,10806
Nebraska,Colfax,10760
Nebraska,Holt,10245
Nebraska,Cheyenne,9852
Nebraska,Wayne,9367
Nebraska,Hamilton,9178
Nebraska,Phelps,9120
Nebraska,Cuming,8991
Nebraska,Dawes,8896
Nebraska,Cedar,8523
Nebraska,Knox,8460
Nebraska,Keith,8099
Nebraska,Butler,8067
Nebraska,Richardson,8009
Nebraska,Merrick,7803
Nebraska,Jefferson,7188
Nebraska,Pierce,7157
Nebraska,Thurston,7140
Nebraska,Nemaha,7004
Nebraska,Kearney,6552
Nebraska,Burt,6528
Nebraska,Howard,6405
Nebraska,Antelope,6372
Nebraska,Clay,6232
Nebraska,Stanton,5992
Nebraska,Cherry,5790
Nebraska,Dixon,5746
Nebraska,Fillmore,5574
Nebraska,Boone,5313
Nebraska,Polk,5255
Nebraska,Sheridan,5234
Nebraska,Johnson,5197
Nebraska,Thayer,5098
Nebraska,Morrill,4841
Nebraska,Furnas,4786
Nebraska,Nuckolls,4275
Nebraska,Valley,4224
Nebraska,Chase,3734
Nebraska,Kimball,3667
Nebraska,Webster,3571
Nebraska,Nance,3554
Nebraska,Harlan,3438
Nebraska,Sherman,3042
Nebraska,Franklin,3006
Nebraska,Brown,2988
Nebraska,Perkins,2907
Nebraska,Hitchcock,2843
Nebraska,Pawnee,2676
Nebraska,Frontier,2609
Nebraska,Greeley,2410
Nebraska,Boyd,2042
Nebraska,Dundy,2023
Nebraska,Gosper,2015
Nebraska,Garfield,1975
Nebraska,Deuel,1894
Nebraska,Garden,1860
Nebraska,Rock,1350
Nebraska,Sioux,1266
Nebraska,Hayes,943
Nebraska,Logan,886
Nebraska,Wheeler,822
Nebraska,Keya Paha,792
Nebraska,Grant,718
Nebraska,Banner,696
Nebraska,Hooker,691
Nebraska,Thomas,645
Nebraska,Loup,585
Nebraska,Blaine,480
Nebraska,McPherson,454
Nebraska,Arthur,418
Nevada,Clark,2141574
Nevada,Washoe,450486
Nevada,Carson City,54467
Nevada,Lyon,53155
Nevada,Elko,52252
Nevada,Douglas,47828
Nevada,Nye,43705
Nevada,Churchill,24010
Nevada,Humboldt,16904
Nevada,White Pine,9737
Nevada,Pershing,6611
Nevada,Lander,5746
Nevada,Lincoln,5174
Nevada,Mineral,4448
Nevada,Storey,3941
Nevada,Eureka,1830
Nevada,Esmeralda,981
New Hampshire,Hillsborough,411087
New Hampshire,Rockingham,305129
New Hampshire,Merrimack,149452
New Hampshire,Strafford,128237
New Hampshire,Grafton,89811
New Hampshire,Cheshire,76263
New Hampshire,Belknap,60640
New Hampshire,Carroll,47840
New Hampshire,Sullivan,43125
New Hampshire,Coos,32038
New Jersey,Bergen,929999
New Jersey,Middlesex,826698
New Jersey,Essex,793555
New Jersey,Hudson,668631
New Jersey,Monmouth,623387
New Jersey,Ocean,591939
New Jersey,Union,553066
New Jersey,Camden,507367
New Jersey,Passaic,504041
New Jersey,Morris,494383
New Jersey,Burlington,446367
New Jersey,Mercer,368762
New Jersey,Somerset,330176
New Jersey,Gloucester,290852
New Jersey,Atlantic,268539
New Jersey,Cumberland,153400
New Jersey,Sussex,142298
New Jersey,Hunterdon,125051
New Jersey,Warren,106293
New Jersey,Cape May,93705
New Jersey,Salem,63336
New Mexico,Bernalillo,677692
New Mexico,Doña Ana,215338
New Mexico,Santa Fe,148917
New Mexico,Sandoval,140769
New Mexico,San Juan,127455
New Mexico,Valencia,75956
New Mexico,McKinley,72849
New Mexico,Lea,70126
New Mexico,Otero,65745
New Mexico,Chaves,65459
New Mexico,Eddy,57437
New Mexico,Curry,50199
New Mexico,Rio Arriba,39307
New Mexico,Taos,32888
New Mexico,Grant,28061
New Mexico,San Miguel,28034
New Mexico,Cibola,26978
New Mexico,Luna,24264
New Mexico,Lincoln,19482
New Mexico,Roosevelt,19117
New Mexico,Los Alamos,18356
New Mexico,Socorro,17000
New Mexico,Torrance,15595
New Mexico,Colfax,12353
New Mexico,Sierra,11135
New Mexico,Quay,8373
New Mexico,Mora,4563
New Mexico,Guadalupe,4382
New Mexico,Hidalgo,4371
New Mexico,Union,4175
New Mexico,Catron,3539
New Mexico,De Baca,2060
New Mexico,Harding,459
New York,Kings,2600747
New York,Queens,2298513
New York,New York,1632480
New York,Suffolk,1487901
New York,Bronx,1437872
New York,Nassau,1356564
New York,Westchester,968815
New York,Erie,919866
New York,Monroe,744248
New York,Richmond,474101
New York,Onondaga,464242
New York,Orange,378227
New York,Rockland,323686
New York,Albany,307426
New York,Dutchess,293894
New York,Oneida,230782
New York,Saratoga,227377
New York,Niagara,211704
New York,Broome,194402
New York,Ulster,179303
New York,Rensselaer,159431
New York,Schenectady,154883
New York,Chautauqua,129656
New York,Oswego,119104
New York,Jefferson,114448
New York,St. Lawrence,109558
New York,Ontario,109472
New York,Tompkins,102962
New York,Putnam,99070
New York,Steuben,96927
New York,Wayne,90856
New York,Chemung,85740
New York,Clinton,80794
New York,Cayuga,77868
New York,Cattaraugus,77686
New York,Sullivan,75211
New York,Madison,71359
New York,Warren,64480
New York,Livingston,63907
New York,Herkimer,62505
New York,Washington,61828
New York,Columbia,60919
New York,Otsego,60244
New York,Genesee,58112
New York,Fulton,53743
New York,Franklin,50692
New York,Montgomery,49426
New York,Tioga,49045
New York,Chenango,48348
New York,Cortland,48123
New York,Greene,47617
New York,Allegany,47025
New York,Delaware,45502
New York,Orleans,41175
New York,Wyoming,40565
New York,Essex,37751
New York,Seneca,34612
New York,Schoharie,31364
New York,Lewis,26719
New York,Yates,25009
New York,Schuyler,17992
New York,Hamilton,4575
North Carolina,Mecklenburg,1054314
North Carolina,Wake,1046558
North Carolina,Guilford,523582
North Carolina,Forsyth,371573
North Carolina,Cumberland,332106
North Carolina,Durham,306457
North Carolina,Buncombe,254474
North Carolina,Union,226694
North Carolina,New Hanover,224231
North Carolina,Gaston,216585
North Carolina,Cabarrus,201448
North Carolina,Onslow,193912
North Carolina,Johnston,191172
North Carolina,Pitt,177372
North Carolina,Iredell,172525
North Carolina,Davidson,164664
North Carolina,Alamance,160576
North Carolina,Catawba,156729
North Carolina,Randolph,142958
North Carolina,Orange,142938
North Carolina,Rowan,139605
North Carolina,Robeson,133442
North Carolina,Harnett,130361
North Carolina,Brunswick,126860
North Carolina,Wayne,124002
North Carolina,Henderson,113625
North Carolina,Craven,103082
North Carolina,Cleveland,97159
North Carolina,Moore,95629
North Carolina,Nash,94003
North Carolina,Rockingham,91270
North Carolina,Burke,89712
North Carolina,Caldwell,81779
North Carolina,Lincoln,81441
North Carolina,Wilson,81336
North Carolina,Surry,72099
North Carolina,Chatham,69791
North Carolina,Carteret,68920
North Carolina,Wilkes,68460
North Carolina,Rutherford,66532
North Carolina,Franklin,64902
North Carolina,Sampson,63561
North Carolina,Stanly,61114
North Carolina,Haywood,60433
North Carolina,Lee,60125
North Carolina,Duplin,59062
North Carolina,Pender,59020
North Carolina,Granville,58874
North Carolina,Lenoir,57227
North Carolina,Columbus,56293
North Carolina,Watauga,54117
North Carolina,Edgecombe,53332
North Carolina,Hoke,53239
North Carolina,Halifax,51737
North Carolina,Beaufort,47243
North Carolina,Stokes,45905
North Carolina,Richmond,45189
North Carolina,McDowell,45109
North Carolina,Vance,44482
North Carolina,Jackson,42256
North Carolina,Davie,41991
North Carolina,Pasquotank,39479
North Carolina,Person,39305
North Carolina,Yadkin,37665
North Carolina,Alexander,37119
North Carolina,Dare,35741
North Carolina,Scotland,35262
North Carolina,Macon,34410
North Carolina,Bladen,33778
North Carolina,Transylvania,33513
North Carolina,Cherokee,27668
North Carolina,Montgomery,27338
North Carolina,Ashe,26786
North Carolina,Currituck,25796
North Carolina,Anson,25306
North Carolina,Hertford,24153
North Carolina,Martin,23054
North Carolina,Caswell,22746
North Carolina,Madison,21405
North Carolina,Greene,21008
North Carolina,Polk,20458
North Carolina,Northampton,20186
North Carolina,Warren,20033
North Carolina,Bertie,19644
North Carolina,Yancey,17667
North Carolina,Avery,17501
North Carolina,Mitchell,15040
North Carolina,Swain,14254
North Carolina,Chowan,14205
North Carolina,Perquimans,13459
North Carolina,Pamlico,12742
North Carolina,Washington,12156
North Carolina,Gates,11563
North Carolina,Alleghany,10973
North Carolina,Clay,10813
North Carolina,Camden,10447
North Carolina,Jones,9695
North Carolina,Graham,8557
North Carolina,Hyde,5393
North Carolina,Tyrrell,4119
North Dakota,Cass,174202
North Dakota,Burleigh,93737
North Dakota,Grand Forks,70400
North Dakota,Ward,69034
North Dakota,Williams,34061
North Dakota,Stark,30876
North Dakota,Morton,30544
North Dakota,Stutsman,21064
North Dakota,Richland,16288
North Dakota,Rolette,14603
North Dakota,McKenzie,12536
North Dakota,Ramsey,11557
North Dakota,Barnes,10836
North Dakota,Walsh,10802
North Dakota,Mountrail,10152
North Dakota,McLean,9608
North Dakota,Mercer,8570
North Dakota,Traill,8019
North Dakota,Pembina,7016
North Dakota,Benson,6886
North Dakota,Bottineau,6589
North Dakota,McHenry,5927
North Dakota,Ransom,5361
North Dakota,Dickey,4970
North Dakota,Sioux,4413
North Dakota,Dunn,4387
North Dakota,Pierce,4210
North Dakota,LaMoure,4100
North Dakota,Wells,4055
North Dakota,Sargent,3883
North Dakota,Cavalier,3824
North Dakota,Emmons,3352
North Dakota,Foster,3290
North Dakota,Bowman,3195
North Dakota,Nelson,2920
North Dakota,McIntosh,2654
North Dakota,Hettinger,2576
North Dakota,Renville,2495
North Dakota,Kidder,2460
North Dakota,Grant,2380
North Dakota,Divide,2369
North Dakota,Adams,2351
North Dakota,Eddy,2313
North Dakota,Griggs,2266
North Dakota,Towner,2246
North Dakota,Burke,2213
North Dakota,Logan,1927
North Dakota,Steele,1910
North Dakota,Golden Valley,1882
North Dakota,Oliver,1837
North Dakota,Sheridan,1405
North Dakota,Billings,946
North Dakota,Slope,704
Oklahoma,Oklahoma,782051
Oklahoma,Tulsa,642781
Oklahoma,Cleveland,276733
Oklahoma,Canadian,136710
Oklahoma,Comanche,122561
Oklahoma,Rogers,90814
Oklahoma,Payne,81512
Oklahoma,Wagoner,77850
Oklahoma,Pottawatomie,72000
Oklahoma,Creek,71160
Oklahoma,Muskogee,69084
Oklahoma,Garfield,62190
Oklahoma,Grady,54733
Oklahoma,Washington,52001
Oklahoma,Le Flore,49909
Oklahoma,Cherokee,48599
Oklahoma,Carter,48406
Oklahoma,Osage,47311
Oklahoma,Logan,46044
Oklahoma,Bryan,45759
Oklahoma,Kay,44880
Oklahoma,Pittsburg,44382
Oklahoma,Stephens,43983
Oklahoma,Delaware,42112
Oklahoma,Sequoyah,41359
Oklahoma,Mayes,40980
Oklahoma,Okmulgee,38889
Oklahoma,McClain,38634
Oklahoma,Pontotoc,38358
Oklahoma,Lincoln,34854
Oklahoma,McCurtain,32966
Oklahoma,Ottawa,31566
Oklahoma,Caddo,29342
Oklahoma,Custer,29209
Oklahoma,Garvin,27823
Oklahoma,Jackson,25384
Oklahoma,Seminole,25071
Oklahoma,Beckham,22621
Oklahoma,Adair,22113
Oklahoma,Texas,21121
Oklahoma,Woodward,20967
Oklahoma,McIntosh,19819
Oklahoma,Pawnee,16428
Oklahoma,Marshall,16376
Oklahoma,Kingfisher,15618
Oklahoma,Choctaw,14886
Oklahoma,Craig,14493
Oklahoma,Murray,13875
Oklahoma,Atoka,13874
Oklahoma,Hughes,13460
Oklahoma,Haskell,12704
Oklahoma,Okfuskee,12115
Oklahoma,Washita,11432
Oklahoma,Noble,11411
Oklahoma,Pushmataha,11119
Oklahoma,Johnston,11041
Oklahoma,Latimer,10495
Oklahoma,Nowata,10383
Oklahoma,Love,9933
Oklahoma,Blaine,9634
Oklahoma,Woods,9127
Oklahoma,Kiowa,9001
Oklahoma,Major,7718
Oklahoma,Tillman,7515
Oklahoma,Jefferson,6223
Oklahoma,Greer,5943
Oklahoma,Cotton,5929
Oklahoma,Alfalfa,5857
Oklahoma,Coal,5618
Oklahoma,Beaver,5415
Oklahoma,Dewey,4918
Oklahoma,Grant,4418
Oklahoma,Ellis,4072
Oklahoma,Harper,3847
Oklahoma,Roger Mills,3708
Oklahoma,Harmon,2721
Oklahoma,Cimarron,2189
Oregon,Multnomah,798647
Oregon,Washington,581821
Oregon,Clackamas,405788
Oregon,Lane,368882
Oregon,Marion,335553
Oregon,Jackson,214267
Oregon,Deschutes,180640
Oregon,Linn,122870
Oregon,Douglas,108323
Oregon,Yamhill,103820
Oregon,Benton,89780
Oregon,Josephine,85481
Oregon,Polk,81427
Oregon,Umatilla,76898
Oregon,Klamath,66310
Oregon,Coos,63308
Oregon,Columbia,50851
Oregon,Lincoln,47881
Oregon,Clatsop,38562
Oregon,Malheur,30431
Oregon,Tillamook,26076
Oregon,Union,26028
Oregon,Wasco,25866
Oregon,Jefferson,23143
Oregon,Hood River,23131
Oregon,Curry,22507
Oregon,Crook,22337
Oregon,Baker,15984
Oregon,Morrow,11215
Oregon,Lake,7843
Oregon,Harney,7228
Oregon,Grant,7183
Oregon,Wallowa,6924
Oregon,Gilliam,1907
Oregon,Sherman,1605
Oregon,Wheeler,1426
Pennsylvania,Philadelphia,1575522
Pennsylvania,Allegheny,1225561
Pennsylvania,Montgomery,821301
Pennsylvania,Bucks,626370
Pennsylvania,Delaware,563527
Pennsylvania,Lancaster,538347
Pennsylvania,Chester,517156
Pennsylvania,York,444014
Pennsylvania,Berks,416642
Pennsylvania,Lehigh,362613
Pennsylvania,Westmoreland,354751
Pennsylvania,Luzerne,317884
Pennsylvania,Northampton,301778
Pennsylvania,Erie,275972
Pennsylvania,Dauphin,274515
Pennsylvania,Cumberland,247433
Pennsylvania,Lackawanna,211454
Pennsylvania,Washington,207547
Pennsylvania,Butler,186566
Pennsylvania,Monroe,167586
Pennsylvania,Beaver,166896
Pennsylvania,Centre,161443
Pennsylvania,Franklin,153751
Pennsylvania,Schuylkill,143555
Pennsylvania,Lebanon,138674
Pennsylvania,Cambria,134550
Pennsylvania,Fayette,132289
Pennsylvania,Blair,123842
Pennsylvania,Lycoming,114859
Pennsylvania,Mercer,112630
Pennsylvania,Adams,102023
Pennsylvania,Northumberland,92325
Pennsylvania,Lawrence,87382
Pennsylvania,Crawford,86164
Pennsylvania,Indiana,85755
Pennsylvania,Clearfield,80216
Pennsylvania,Somerset,74949
Pennsylvania,Armstrong,66331
Pennsylvania,Columbia,66220
Pennsylvania,Carbon,63931
Pennsylvania,Bradford,61304
Pennsylvania,Pike,55498
Pennsylvania,Venango,52376
Pennsylvania,Wayne,51536
Pennsylvania,Bedford,48611
Pennsylvania,Mifflin,46362
Pennsylvania,Perry,45924
Pennsylvania,Huntingdon,45421
Pennsylvania,Union,45114
Pennsylvania,Jefferson,44084
Pennsylvania,McKean,41806
Pennsylvania,Susquehanna,41340
Pennsylvania,Tioga,41226
Pennsylvania,Snyder,40466
Pennsylvania,Warren,40035
Pennsylvania,Clinton,39074
Pennsylvania,Clarion,38827
Pennsylvania,Greene,37144
Pennsylvania,Elk,30608
Pennsylvania,Wyoming,27588
Pennsylvania,Juniata,24562
Pennsylvania,Montour,18294
Pennsylvania,Potter,16937
Pennsylvania,Fulton,14506
Pennsylvania,Forest,7351
Pennsylvania,Sullivan,6177
Pennsylvania,Cameron,4686
Rhode Island,Providence,634533
Rhode Island,Kent,163861
Rhode Island,Washington,126242
Rhode Island,Newport,83075
Rhode Island,Bristol,48900
South Carolina,Greenville,498402
South Carolina,Richland,408263
South Carolina,Charleston,394708
South Carolina,Horry,320915
South Carolina,Spartanburg,302195
South Carolina,Lexington,286316
South Carolina,York,258641
South Carolina,Berkeley,209065
South Carolina,Anderson,195995
South Carolina,Beaufort,182658
South Carolina,Aiken,166926
South Carolina,Dorchester,155474
South Carolina,Florence,138561
South Carolina,Pickens,122746
South Carolina,Sumter,106995
South Carolina,Lancaster,89546
South Carolina,Orangeburg,88454
South Carolina,Oconee,76696
South Carolina,Greenwood,70264
South Carolina,Darlington,67253
South Carolina,Laurens,66710
South Carolina,Kershaw,64361
South Carolina,Georgetown,61605
South Carolina,Cherokee,56711
South Carolina,Chesterfield,46024
South Carolina,Newberry,38068
South Carolina,Colleton,37568
South Carolina,Clarendon,34017
South Carolina,Chester,32326
South Carolina,Williamsburg,31794
South Carolina,Marion,31562
South Carolina,Dillon,30871
South Carolina,Jasper,27900
South Carolina,Union,27644
South Carolina,Marlboro,27131
South Carolina,Edgefield,26769
South Carolina,Abbeville,24657
South Carolina,Fairfield,22712
South Carolina,Barnwell,21577
South Carolina,Saluda,20299
South Carolina,Hampton,19807
South Carolina,Lee,17606
South Carolina,Calhoun,14713
South Carolina,Bamberg,14600
South Carolina,McCormick,9606
South Carolina,Allendale,9214
South Dakota,Minnehaha,186749
South Dakota,Pennington,109294
South Dakota,Lincoln,54914
South Dakota,Brown,38840
South Dakota,Brookings,34239
South Dakota,Codington,27993
South Dakota,Meade,27424
South Dakota,Lawrence,25234
South Dakota,Yankton,22717
South Dakota,Davison,19901
South Dakota,Beadle,18374
South Dakota,Hughes,17617
South Dakota,Union,15177
South Dakota,Oglala Lakota,14335
South Dakota,Clay,13925
South Dakota,Lake,12574
South Dakota,Roberts,10285
South Dakota,Butte,10177
South Dakota,Todd,10146
South Dakota,Charles Mix,9344
South Dakota,Custer,8573
South Dakota,Turner,8264
South Dakota,Hutchinson,7315
South Dakota,Grant,7217
South Dakota,Bon Homme,6969
South Dakota,Fall River,6774
South Dakota,Spink,6543
South Dakota,Moody,6506
South Dakota,Hamlin,6000
South Dakota,Dewey,5779
South Dakota,McCook,5511
South Dakota,Walworth,5510
South Dakota,Day,5506
South Dakota,Tripp,5468
South Dakota,Brule,5256
South Dakota,Kingsbury,4967
South Dakota,Marshall,4895
South Dakota,Deuel,4306
South Dakota,Gregory,4201
South Dakota,Corson,4168
South Dakota,Edmunds,3940
South Dakota,Lyman,3869
South Dakota,Clark,3673
South Dakota,Bennett,3437
South Dakota,Hanson,3397
South Dakota,Hand,3301
South Dakota,Jackson,3287
South Dakota,Stanley,2997
South Dakota,Douglas,2930
South Dakota,Perkins,2907
South Dakota,Ziebach,2814
South Dakota,Aurora,2759
South Dakota,Sanborn,2388
South Dakota,McPherson,2364
South Dakota,Potter,2326
South Dakota,Faulk,2322
South Dakota,Miner,2229
South Dakota,Haakon,2082
South Dakota,Mellette,2055
South Dakota,Buffalo,2053
South Dakota,Jerauld,2029
South Dakota,Campbell,1435
South Dakota,Hyde and Sully,1331
South Dakota,Harding,1311
South Dakota,Jones,735
Tennessee,Shelby,937005
Tennessee,Davidson,684017
Tennessee,Knox,456185
Tennessee,Hamilton,357546
Tennessee,Rutherford,307128
Tennessee,Williamson,218648
Tennessee,Montgomery,196387
Tennessee,Sumner,179473
Tennessee,Sullivan,156734
Tennessee,Wilson,132663
Tennessee,Blount,128443
Tennessee,Washington,127055
Tennessee,Bradley,104557
Tennessee,Madison,97682
Tennessee,Sevier,96287
Tennessee,Maury,89776
Tennessee,Putnam,76440
Tennessee,Anderson,75775
Tennessee,Robertson,69344
Tennessee,Greene,68669
Tennessee,Hamblen,63740
Tennessee,Tipton,61446
Tennessee,Cumberland,58634
Tennessee,Hawkins,56402
Tennessee,Carter,56391
Tennessee,Coffee,54531
Tennessee,Jefferson,53247
Tennessee,Roane,52897
Tennessee,McMinn,52773
Tennessee,Dickson,51988
Tennessee,Loudon,51610
Tennessee,Gibson,49175
Tennessee,Bedford,47558
Tennessee,Monroe,45876
Tennessee,Lawrence,42937
Tennessee,Franklin,41512
Tennessee,Warren,40454
Tennessee,Cheatham,39929
Tennessee,Fayette,39692
Tennessee,Campbell,39687
Tennessee,Dyer,37576
Tennessee,Cocke,35336
Tennessee,Lincoln,33711
Tennessee,Weakley,33626
Tennessee,Rhea,32628
Tennessee,Henry,32279
Tennessee,Marshall,32269
Tennessee,Claiborne,31613
Tennessee,Obion,30520
Tennessee,Giles,29167
Tennessee,Marion,28417
Tennessee,Carroll,28018
Tennessee,Henderson,27859
Tennessee,White,26580
Tennessee,Lauderdale,26297
Tennessee,McNairy,25903
Tennessee,Hardin,25771
Tennessee,Hardeman,25562
Tennessee,Hickman,24678
Tennessee,Macon,23487
Tennessee,Grainger,23013
Tennessee,Overton,22004
Tennessee,Scott,21954
Tennessee,Morgan,21596
Tennessee,DeKalb,19601
Tennessee,Smith,19458
Tennessee,Union,19293
Tennessee,Humphreys,18318
Tennessee,Fentress,17994
Tennessee,Johnson,17789
Tennessee,Unicoi,17780
Tennessee,Haywood,17779
Tennessee,Chester,17150
Tennessee,Polk,16782
Tennessee,Wayne,16649
Tennessee,Benton,16112
Tennessee,Sequatchie,14730
Tennessee,Bledsoe,14602
Tennessee,Crockett,14499
Tennessee,Cannon,13976
Tennessee,Grundy,13331
Tennessee,Stewart,13301
Tennessee,Meigs,11962
Tennessee,Lewis,11956
Tennessee,Decatur,11683
Tennessee,Jackson,11615
Tennessee,Trousdale,9573
Tennessee,Houston,8176
Tennessee,Perry,7912
Tennessee,Clay,7686
Tennessee,Lake,7526
Tennessee,Hancock,6585
Tennessee,Moore,6322
Tennessee,Van Buren,5704
Tennessee,Pickett,5088
Texas,Harris,4602523
Texas,Dallas,2586552
Texas,Tarrant,2019977
Texas,Bexar,1925865
Texas,Travis,1203166
Texas,Collin,944350
Texas,Hidalgo,849389
Texas,El Paso,837654
Texas,Denton,807047
Texas,Fort Bend,739342
Texas,Montgomery,554445
Texas,Williamson,527057
Texas,Cameron,421750
Texas,Nueces,360486
Texas,Brazoria,353999
Texas,Bell,342236
Texas,Galveston,327089
Texas,Lubbock,301454
Texas,Webb,272053
Texas,Jefferson,255210
Texas,McLennan,248429
Texas,Smith,225015
Texas,Brazos,219193
Texas,Hays,204150
Texas,Ellis,168838
Texas,Midland,164194
Texas,Johnson,163475
Texas,Ector,158342
Texas,Guadalupe,155137
Texas,Taylor,136348
Texas,Comal,135097
Texas,Randall,132475
Texas,Wichita,131818
Texas,Parker,129802
Texas,Grayson,128560
Texas,Gregg,123494
Texas,Potter,120899
Texas,Kaufman,118910
Texas,Tom Green,117466
Texas,Bowie,93858
Texas,Rockwall,93642
Texas,Hunt,92152
Texas,Victoria,91970
Texas,Angelina,87607
Texas,Orange,84047
Texas,Bastrop,82577
Texas,Liberty,81862
Texas,Henderson,80460
Texas,Coryell,75389
Texas,Walker,71539
Texas,San Patricio,67046
Texas,Harrison,66645
Texas,Nacogdoches,65558
Texas,Wise,64639
Texas,Starr,63894
Texas,Maverick,57970
Texas,Anderson,57863
Texas,Hood,56901
Texas,Hardin,56379
Texas,Van Zandt,54368
Texas,Rusk,53595
Texas,Cherokee,51903
Texas,Kerr,51365
Texas,Waller,49987
Texas,Lamar,49532
Texas,Medina,49334
Texas,Val Verde,49027
Texas,Atascosa,48828
Texas,Navarro,48583
Texas,Wilson,48198
Texas,Polk,47837
Texas,Burnet,45750
Texas,Wood,43815
Texas,Kendall,41982
Texas,Wharton,41551
Texas,Erath,41482
Texas,Caldwell,41401
Texas,Jim Wells,41192
Texas,Upshur,40769
Texas,Chambers,40292
Texas,Cooke,39571
Texas,Brown,37834
Texas,Matagorda,36743
Texas,Howard,36667
Texas,Hopkins,36240
Texas,Jasper,35504
Texas,Hill,35399
Texas,Washington,34796
Texas,Fannin,34175
Texas,Hale,34113
Texas,Titus,32730
Texas,Bee,32691
Texas,Kleberg,31425
Texas,Cass,30087
Texas,Austin,29565
Texas,Palo Pinto,28317
Texas,San Jacinto,27819
Texas,Grimes,27630
Texas,Uvalde,27009
Texas,Gillespie,26208
Texas,Shelby,25478
Texas,Fayette,25066
Texas,Aransas,24763
Texas,Milam,24664
Texas,Limestone,23515
Texas,Panola,23440
Texas,Hockley,23162
Texas,Houston,22955
Texas,Gray,22685
Texas,Calhoun,21807
Texas,Moore,21801
Texas,Bandera,21763
Texas,Willacy,21754
Texas,Hutchinson,21571
Texas,Tyler,21496
Texas,Colorado,21022
Texas,Gonzales,20667
Texas,Lampasas and Llano,20640
Texas,DeWitt,20435
Texas,Gaines,20321
Texas,Lavaca,19941
Texas,Jones,19891
Texas,Freestone,19709
Texas,Montague,19409
Texas,Frio,19394
Texas,Deaf Smith,18899
Texas,Eastland,18270
Texas,Bosque,18122
Texas,Young,18114
Texas,Burleson,17863
Texas,Andrews,17818
Texas,Falls,17299
Texas,Scurry,17239
Texas,Leon,17098
Texas,Lee,16952
Texas,Robertson,16890
Texas,Pecos,15797
Texas,Karnes,15387
Texas,Reeves,15125
Texas,Nolan,14966
Texas,Jackson,14820
Texas,Trinity,14569
Texas,Zapata,14369
Texas,Madison,14128
Texas,Newton,14057
Texas,Callahan,13770
Texas,Comanche,13495
Texas,Lamb,13262
Texas,Dawson,12964
Texas,Wilbarger,12906
Texas,Camp,12813
Texas,Terry,12615
Texas,Morris,12424
Texas,Red River,12275
Texas,Zavala,12131
Texas,Live Oak,12123
Texas,Ward,11586
Texas,Rains,11473
Texas,Duval,11355
Texas,Blanco,11279
Texas,Franklin,10679
Texas,Dimmit,10663
Texas,Sabine,10458
Texas,Clay,10387
Texas,Ochiltree,10348
Texas,Runnels,10310
Texas,Marion,10083
Texas,Parmer,9852
Texas,Stephens,9372
Texas,Brewster,9216
Texas,Jack,8842
Texas,Archer,8789
Texas,Somervell,8743
Texas,Yoakum,8571
Texas,Mitchell,8558
Texas,Coleman,8391
Texas,San Augustine,8327
Texas,Hamilton,8269
Texas,McCulloch,8098
Texas,Winkler,7802
Texas,Castro,7787
Texas,Goliad,7531
Texas,Swisher,7484
Texas,La Salle,7409
Texas,Dallam,7243
Texas,Refugio,7236
Texas,Childress,7226
Texas,Brooks,7180
Texas,Presidio,7123
Texas,Bailey,7092
Texas,Garza,6288
Texas,Carson,6032
Texas,San Saba,5962
Texas,Floyd,5872
Texas,Crosby,5861
Texas,Haskell,5809
Texas,Lynn,5808
Texas,Hartley,5767
Texas,Martin,5614
Texas,Hansford,5547
Texas,Wheeler,5482
Texas,Jim Hogg,5282
Texas,Delta,5215
Texas,Mills,4902
Texas,Crane,4839
Texas,Kimble,4408
Texas,Concho,4233
Texas,Mason,4161
Texas,Hudspeth,4098
Texas,Hemphill,4061
Texas,Hardeman,3952
Texas,Fisher,3883
Texas,Sutton,3865
Texas,Reagan,3752
Texas,Knox,3733
Texas,Kinney,3675
Texas,Upton,3634
Texas,Crockett,3633
Texas,Baylor,3591
Texas,Lipscomb,3469
Texas,Real,3389
Texas,Donley,3387
Texas,Shackelford,3311
Texas,Coke,3275
Texas,Hall,3074
Texas,Schleicher,3061
Texas,Sherman,3058
Texas,Collingsworth,2996
Texas,Cochran,2904
Texas,Culberson,2241
Texas,Jeff Davis,2234
Texas,Dickens,2216
Texas,Menard,2123
Texas,Oldham,2090
Texas,Edwards,2055
Texas,Armstrong,1916
Texas,Cottle,1623
Texas,Throckmorton,1567
Texas,Briscoe,1546
Texas,Irion,1524
Texas,Glasscock,1430
Texas,Foard,1408
Texas,Stonewall,1385
Texas,Motley,1156
Texas,Sterling,1141
Texas,Roberts,885
Texas,Terrell,862
Texas,Kent,749
Texas,Borden,665
Texas,McMullen,662
Texas,Kenedy,595
Texas,King,228
Texas,Loving,102
Utah,Salt Lake,1120805
Utah,Utah,590440
Utah,Davis,340621
Utah,Weber,247731
Utah,Washington,160537
Utah,Cache,122336
Utah,Tooele,65185
Utah,Box Elder,53001
Utah,Iron,49691
Utah,Summit,40511
Utah,Uintah,36323
Utah,Wasatch,30523
Utah,Sanpete,29366
Utah,Sevier,21118
Utah,Carbon,20356
Utah,Duchesne,20219
Utah,San Juan,15281
Utah,Millard,12733
Utah,Morgan,11391
Utah,Juab,10948
Utah,Emery,10248
Utah,Grand,9616
Utah,Kane,7350
Utah,Beaver,6443
Utah,Garfield,5017
Utah,Wayne,2694
Utah,Rich,2350
Utah,Piute,1904
Utah,Daggett,612
Vermont,Chittenden,162052
Vermont,Rutland,59273
Vermont,Washington,58477
Vermont,Windsor,55427
Vermont,Franklin,49025
Vermont,Windham,43150
Vermont,Addison,36939
Vermont,Bennington,35920
Vermont,Caledonia,30425
Vermont,Orange,28937
Vermont,Orleans,26911
Vermont,Lamoille,25268
Vermont,Grand Isle,6965
Vermont,Essex,6208
Virginia,Fairfax,1143529
Virginia,Prince William,456749
Virginia,Virginia Beach city/county,450135
Virginia,Loudoun,385143
Virginia,Chesterfield,339447
Virginia,Henrico,325642
Virginia,Norfolk city/county,245592
Virginia,Chesapeake city/county,237820
Virginia,Arlington,231803
Virginia,Richmond city/county,223787
Virginia,Newport News city/county,180145
Virginia,Alexandria city/county,156505
Virginia,Stafford,144012
Virginia,Hampton city/county,135583
Virginia,Spotsylvania,131412
Virginia,Albemarle,106355
Virginia,Hanover,104449
Virginia,Roanoke city/county,99621
Virginia,Montgomery,97997
Virginia,Portsmouth city/county,95311
Virginia,Roanoke,93583
Virginia,Suffolk city/county,89160
Virginia,Frederick,85153
Virginia,Lynchburg city/county,80131
Virginia,Rockingham,79444
Virginia,Bedford,77908
Virginia,Augusta,74701
Virginia,James City,74153
Virginia,Fauquier,69115
Virginia,York,67587
Virginia,Pittsylvania,61676
Virginia,Franklin,56233
Virginia,Campbell,55170
Virginia,Washington,54406
Virginia,Harrisonburg city/county,53391
Virginia,Henry,51588
Virginia,Culpeper,50450
Virginia,Charlottesville city/county,47042
Virginia,Shenandoah,43045
Virginia,Tazewell,42080
Virginia,Danville city/county,41512
Virginia,Manassas city/county,41457
Virginia,Warren,39449
Virginia,Wise,39025
Virginia,Prince George,37894
Virginia,Gloucester,37161
Virginia,Isle of Wight,36372
Virginia,Orange,35612
Virginia,Louisa,35380
Virginia,Halifax,34779
Virginia,Pulaski,34234
Virginia,Botetourt,33222
Virginia,Accomack,32742
Virginia,Amherst,31882
Virginia,Petersburg city/county,31827
Virginia,Smyth,31059
Virginia,Mecklenburg,30847
Virginia,Caroline,30184
Virginia,Carroll,29738
Virginia,Wythe,28940
Virginia,Powhatan,28574
Virginia,Fredericksburg city/county,28469
Virginia,Dinwiddie,28308
Virginia,Winchester city/county,27789
Virginia,Russell,27408
Virginia,Fluvanna,26282
Virginia,King George,25890
Virginia,Salem city/county,25519
Virginia,Staunton city/county,24452
Virginia,Lee,24134
Virginia,Fairfax city/county,23865
Virginia,Page,23749
Virginia,Prince Edward,22956
Virginia,Rockbridge,22509
Virginia,Goochland,22482
Virginia,Hopewell city/county,22408
Virginia,Buchanan,22138
Virginia,Scott,22009
Virginia,Waynesboro city/county,21926
Virginia,New Kent,21103
Virginia,Greene,19410
Virginia,Southampton,17939
Virginia,Patrick,17859
Virginia,Westmoreland,17638
Virginia,Radford city/county,17630
Virginia,Colonial Heights city/county,17593
Virginia,Buckingham,17004
Virginia,Bristol city/county,16843
Virginia,Giles,16814
Virginia,Brunswick,16665
Virginia,King William,16497
Virginia,Manassas Park city/county,16423
Virginia,Grayson,15811
Virginia,Floyd,15666
Virginia,Appomattox,15577
Virginia,Nottoway,15500
Virginia,Alleghany,15286
Virginia,Dickenson,14960
Virginia,Nelson,14812
Virginia,Williamsburg city/county,14788
Virginia,Clarke,14365
Virginia,Falls Church city/county,14067
Virginia,Madison,13139
Virginia,Martinsville city/county,13101
Virginia,Amelia,12854
Virginia,Lunenburg,12278
Virginia,Northumberland,12223
Virginia,Charlotte,12095
Virginia,Poquoson city/county,12039
Virginia,Northampton,11957
Virginia,Greensville,11659
Virginia,Sussex,11486
Virginia,Essex,11036
Virginia,Lancaster,10804
Virginia,Middlesex,10700
Virginia,Cumberland,9786
Virginia,Richmond,8878
Virginia,Mathews,8796
Virginia,Franklin city/county,8211
Virginia,Rappahannock,7332
Virginia,Lexington city/county,7110
Virginia,King and Queen,7052
Virginia,Charles City,6995
Virginia,Galax city/county,6638
Virginia,Surry,6600
Virginia,Bland,6447
Virginia,Buena Vista city/county,6399
Virginia,Covington city/county,5582
Virginia,Emporia city/county,5381
Virginia,Craig,5113
Virginia,Bath,4393
Virginia,Norton city/county,3990
Virginia,Highland,2214
Washington,King,2163257
Washington,Pierce,859840
Washington,Snohomish,786620
Washington,Spokane,497875
Washington,Clark,465384
Washington,Thurston,274684
Washington,Kitsap,262475
Washington,Yakima,249325
Washington,Whatcom,216812
Washington,Benton,194168
Washington,Skagit,123907
Washington,Cowlitz,105112
Washington,Grant,94860
Washington,Franklin,90660
Washington,Island,81636
Washington,Lewis,76947
Washington,Chelan,75757
Washington,Clallam,74487
Washington,Grays Harbor,71967
Washington,Mason,62627
Washington,Walla Walla,60236
Washington,Whitman,48593
Washington,Kittitas,44825
Washington,Stevens,44214
Washington,Okanogan,41638
Washington,Douglas,41371
Washington,Jefferson,30856
Washington,Asotin,22337
Washington,Klickitat,21396
Washington,Pacific,21281
Washington,Adams,19452
Washington,San Juan,16473
Washington,Pend Oreille,13219
Washington,Skamania,11620
Washington,Lincoln,10435
Washington,Ferry,7576
Washington,Wahkiakum,4189
Washington,Columbia,4001
Washington,Garfield,2224
West Virginia,Kanawha,185710
West Virginia,Berkeley,113495
West Virginia,Monongalia,105252
West Virginia,Cabell,95318
West Virginia,Wood,85556
West Virginia,Raleigh,76232
West Virginia,Harrison,68209
West Virginia,Mercer,60486
West Virginia,Putnam,56652
West Virginia,Marion,56497
West Virginia,Jefferson,56179
West Virginia,Fayette,44126
West Virginia,Ohio,42547
West Virginia,Wayne,40708
West Virginia,Greenbrier,35347
West Virginia,Preston,33837
West Virginia,Logan,33801
West Virginia,Marshall,31645
West Virginia,Hancock,29680
West Virginia,Randolph,29065
West Virginia,Jackson,29018
West Virginia,Mineral,27278
West Virginia,Mason,26939
West Virginia,Nicholas,25324
West Virginia,Mingo,24741
West Virginia,Upshur,24605
West Virginia,Hampshire,23363
West Virginia,Boone,22817
West Virginia,Brooke,22772
West Virginia,Wyoming,21711
West Virginia,Lincoln,21078
West Virginia,McDowell,19217
West Virginia,Morgan,17624
West Virginia,Taylor,16951
West Virginia,Barbour,16730
West Virginia,Lewis,16276
West Virginia,Wetzel,15614
West Virginia,Braxton,14282
West Virginia,Roane,14205
West Virginia,Hardy,13842
West Virginia,Monroe,13467
West Virginia,Summers,13018
West Virginia,Grant,11641
West Virginia,Ritchie,9932
West Virginia,Tyler,8909
West Virginia,Clay,8785
West Virginia,Doddridge,8536
West Virginia,Pocahontas,8531
West Virginia,Webster,8518
West Virginia,Gilmer,8205
West Virginia,Pleasants,7507
West Virginia,Calhoun,7396
West Virginia,Pendleton,7056
West Virginia,Tucker,7027
West Virginia,Wirt,5797
Wisconsin,Milwaukee,954209
Wisconsin,Dane,529843
Wisconsin,Waukesha,398879
Wisconsin,Brown,259786
Wisconsin,Racine,195398
Wisconsin,Outagamie,184754
Wisconsin,Winnebago,169926
Wisconsin,Kenosha,168330
Wisconsin,Rock,161769
Wisconsin,Marathon,135264
Wisconsin,Washington,134535
Wisconsin,La Crosse,117850
Wisconsin,Sheboygan,115205
Wisconsin,Walworth,103013
Wisconsin,Eau Claire,102991
Wisconsin,Fond du Lac,102315
Wisconsin,Ozaukee,88284
Wisconsin,St. Croix,87917
Wisconsin,Dodge,87776
Wisconsin,Jefferson,84652
Wisconsin,Manitowoc,79407
Wisconsin,Wood,73274
Wisconsin,Portage,70599
Wisconsin,Chippewa,63635
Wisconsin,Sauk,63596
Wisconsin,Columbia,56954
Wisconsin,Grant,51828
Wisconsin,Waupaca,51444
Wisconsin,Calumet,49807
Wisconsin,Monroe,45502
Wisconsin,Barron,45252
Wisconsin,Dunn,44498
Wisconsin,Douglas,43402
Wisconsin,Polk,43349
Wisconsin,Pierce,41603
Wisconsin,Shawano,41009
Wisconsin,Marinette,40537
Wisconsin,Oconto,37556
Wisconsin,Green,36864
Wisconsin,Oneida,35345
Wisconsin,Clark,34491
Wisconsin,Vernon,30516
Wisconsin,Trempealeau,29438
Wisconsin,Lincoln,27848
Wisconsin,Door,27439
Wisconsin,Juneau,26419
Wisconsin,Waushara,24116
Wisconsin,Iowa,23620
Wisconsin,Vilas,21593
Wisconsin,Jackson,20506
Wisconsin,Kewaunee,20360
Wisconsin,Taylor,20356
Wisconsin,Adams,20073
Wisconsin,Langlade,19164
Wisconsin,Green Lake,18757
Wisconsin,Richland,17539
Wisconsin,Lafayette,16735
Wisconsin,Sawyer,16370
Wisconsin,Crawford,16288
Wisconsin,Ashland,15712
Wisconsin,Washburn,15689
Wisconsin,Burnett,15258
Wisconsin,Marquette,15207
Wisconsin,Bayfield,14992
Wisconsin,Rusk,14183
Wisconsin,Price,13490
Wisconsin,Buffalo,13167
Wisconsin,Forest,9018
Wisconsin,Pepin,7262
Wisconsin,Iron,5715
Wisconsin,Menominee,4579
Wisconsin,Florence,4337
Wyoming,Laramie,97692
Wyoming,Natrona,80610
Wyoming,Campbell,47708
Wyoming,Sweetwater,44117
Wyoming,Fremont,40076
Wyoming,Albany,38102
Wyoming,Sheridan,30012
Wyoming,Park,29121
Wyoming,Teton,23059
Wyoming,Uinta,20609
Wyoming,Lincoln,19011
Wyoming,Carbon,15477
Wyoming,Converse,13997
Wyoming,Goshen,13438
Wyoming,Big Horn,11901
Wyoming,Sublette,9951
Wyoming,Platte,8673
Wyoming,Johnson,8515
Wyoming,Washakie,8129
Wyoming,Crook,7410
Wyoming,Weston,7100
Wyoming,Hot Springs,4680
Wyoming,Niobrara,2448
Puerto Rico,General,3194000
Guam,General,165768
Northern Mariana Islands,General,56882
Virgin Islands,General,106977
